{
  "metadata": {
    "description": "钢铁雄心4 (Hearts of Iron IV) 游戏及Mod社区汉化词典",
    "sources": [
      "HOI4 官方汉化",
      "HOI4 社区汉化",
      "HOI4 Mod汉化"
    ],
    "last_updated": "2025-01-27T10:00:00+00:00"
  },
  "entries": [
    {
      "translations": {
        "en": "Army",
        "zh-CN": "集团军"
      },
      "id": "hoi4_army",
      "metadata": {
        "part_of_speech": "Noun",
        "remarks": "军事组织单位，包含多个师"
      }
    },
    {
      "translations": {
        "en": "Division",
        "zh-CN": "师"
      },
      "id": "hoi4_division",
      "metadata": {
        "part_of_speech": "Noun",
        "remarks": "基本的军事单位"
      }
    },
    {
      "translations": {
        "en": "Corps",
        "zh-CN": "军"
      },
      "id": "hoi4_corps",
      "metadata": {
        "part_of_speech": "Noun",
        "remarks": "军事组织单位，介于师和集团军之间"
      }
    },
    {
      "translations": {
        "en": "Infantry",
        "zh-CN": "步兵"
      },
      "id": "hoi4_infantry",
      "metadata": {
        "part_of_speech": "Noun",
        "remarks": "基础地面部队类型"
      }
    },
    {
      "translations": {
        "en": "Tank",
        "zh-CN": "坦克"
      },
      "id": "hoi4_tank",
      "metadata": {
        "part_of_speech": "Noun",
        "remarks": "装甲部队，具有高突破力"
      }
    },
    {
      "translations": {
        "en": "Air Force",
        "zh-CN": "空军"
      },
      "id": "hoi4_air_force",
      "metadata": {
        "part_of_speech": "Noun",
        "remarks": "空中军事力量"
      }
    },
    {
      "translations": {
        "en": "Navy",
        "zh-CN": "海军"
      },
      "id": "hoi4_navy",
      "metadata": {
        "part_of_speech": "Noun",
        "remarks": "海上军事力量"
      }
    },
    {
      "translations": {
        "en": "Faction",
        "zh-CN": "阵营"
      },
      "id": "hoi4_faction",
      "metadata": {
        "part_of_speech": "Noun",
        "remarks": "政治军事联盟，如轴心国、同盟国"
      }
    },
    {
      "translations": {
        "en": "Ideology",
        "zh-CN": "意识形态"
      },
      "id": "hoi4_ideology",
      "metadata": {
        "part_of_speech": "Noun",
        "remarks": "政治思想体系，如民主、法西斯、共产主义"
      }
    },
    {
      "translations": {
        "en": "War Support",
        "zh-CN": "战争支持度"
      },
      "id": "hoi4_war_support",
      "metadata": {
        "part_of_speech": "Noun",
        "remarks": "民众对战争的支持程度"
      }
    }
  ]
}
