{
  "metadata": {
    "description": "十字军之王3 (Crusader Kings III) 游戏及Mod社区汉化词典",
    "sources": [
      "CK3 官方汉化",
      "CK3 社区汉化",
      "CK3 Mod汉化"
    ],
    "last_updated": "2025-01-27T10:00:00+00:00"
  },
  "entries": [
    {
      "translations": {
        "en": "Dynasty",
        "zh-CN": "王朝"
      },
      "id": "ck3_dynasty",
      "metadata": {
        "part_of_speech": "Noun",
        "remarks": "家族血统，游戏中的核心概念"
      }
    },
    {
      "translations": {
        "en": "Realm",
        "zh-CN": "领地"
      },
      "id": "ck3_realm",
      "metadata": {
        "part_of_speech": "Noun",
        "remarks": "统治者控制的领土"
      }
    },
    {
      "translations": {
        "en": "Title",
        "zh-CN": "头衔"
      },
      "id": "ck3_title",
      "metadata": {
        "part_of_speech": "Noun",
        "remarks": "贵族等级，如伯爵、公爵、国王"
      }
    },
    {
      "translations": {
        "en": "Vassal",
        "zh-CN": "封臣"
      },
      "id": "ck3_vassal",
      "metadata": {
        "part_of_speech": "Noun",
        "remarks": "下级领主，向更高级的领主效忠"
      }
    },
    {
      "translations": {
        "en": "Liege",
        "zh-CN": "领主"
      },
      "id": "ck3_liege",
      "metadata": {
        "part_of_speech": "Noun",
        "remarks": "上级领主，封臣效忠的对象"
      }
    },
    {
      "translations": {
        "en": "Trait",
        "zh-CN": "特质"
      },
      "id": "ck3_trait",
      "metadata": {
        "part_of_speech": "Noun",
        "remarks": "角色的性格和技能特征"
      }
    },
    {
      "translations": {
        "en": "Intrigue",
        "zh-CN": "阴谋"
      },
      "id": "ck3_intrigue",
      "metadata": {
        "part_of_speech": "Noun",
        "remarks": "政治阴谋和秘密行动"
      }
    },
    {
      "translations": {
        "en": "Culture",
        "zh-CN": "文化"
      },
      "id": "ck3_culture",
      "metadata": {
        "part_of_speech": "Noun",
        "remarks": "民族文化和传统"
      }
    },
    {
      "translations": {
        "en": "Religion",
        "zh-CN": "宗教"
      },
      "id": "ck3_religion",
      "metadata": {
        "part_of_speech": "Noun",
        "remarks": "信仰体系，影响游戏机制"
      }
    },
    {
      "translations": {
        "en": "Succession",
        "zh-CN": "继承"
      },
      "id": "ck3_succession",
      "metadata": {
        "part_of_speech": "Noun",
        "remarks": "权力和财产的传承制度"
      }
    }
  ]
}
